{
  "_schema": "samples",
  "schema_version": 1,
  "request_id": "example-minimal-shape-flat-0001",
  "comp": {
    "fps": 24.0,
    "duration_sec": 1.0,
    "width": 1920,
    "height": 1080,
    "pixel_aspect": 1.0,
    "work_area_start_sec": 0.0,
    "work_area_end_sec": 1.0
  },
  "properties": [
    {
      "property": {
        "id": "shape.flat_square",
        "match_name": "ADBE Mask Shape",
        "display_name": "Path",
        "layer_path": "ExampleLayer/Shape 1",
        "kind": "Custom",
        "dimensions": 26,
        "is_spatial": false,
        "is_separated": false,
        "units_label": "shape_flat"
      },
      "t_start_sec": 0.0,
      "t_end_sec": 1.0,
      "samples_per_frame": 1,
      "samples": [
        {
          "t_sec": 0.0,
          "v": [
            1.0,
            4.0,
            75.0,
            475.0,
            0.0,
            0.0,
            0.0,
            0.0,
            125.0,
            475.0,
            0.0,
            0.0,
            0.0,
            0.0,
            125.0,
            525.0,
            0.0,
            0.0,
            0.0,
            0.0,
            75.0,
            525.0,
            0.0,
            0.0,
            0.0,
            0.0
          ]
        },
        {
          "t_sec": 0.041667,
          "v": [
            1.0,
            4.0,
            81.25,
            472.916667,
            0.0,
            0.0,
            0.0,
            0.0,
            135.416667,
            472.916667,
            0.0,
            0.0,
            0.0,
            0.0,
            135.416667,
            527.083333,
            0.0,
            0.0,
            0.0,
            0.0,
            81.25,
            527.083333,
            0.0,
            0.0,
            0.0,
            0.0
          ]
        },
        {
          "t_sec": 0.083333,
          "v": [
            1.0,
            4.0,
            87.5,
            470.833333,
            0.0,
            0.0,
            0.0,
            0.0,
            145.833333,
            470.833333,
            0.0,
            0.0,
            0.0,
            0.0,
            145.833333,
            529.166667,
            0.0,
            0.0,
            0.0,
            0.0,
            87.5,
            529.166667,
            0.0,
            0.0,
            0.0,
            0.0
          ]
        },
        {
          "t_sec": 0.125,
          "v": [
            1.0,
            4.0,
            93.75,
            468.75,
            0.0,
            0.0,
            0.0,
            0.0,
            156.25,
            468.75,
            0.0,
            0.0,
            0.0,
            0.0,
            156.25,
            531.25,
            0.0,
            0.0,
            0.0,
            0.0,
            93.75,
            531.25,
            0.0,
            0.0,
            0.0,
            0.0
          ]
        },
        {
          "t_sec": 0.166667,
          "v": [
            1.0,
            4.0,
            100.0,
            466.666667,
            0.0,
            0.0,
            0.0,
            0.0,
            166.666667,
            466.666667,
            0.0,
            0.0,
            0.0,
            0.0,
            166.666667,
            533.333333,
            0.0,
            0.0,
            0.0,
            0.0,
            100.0,
            533.333333,
            0.0,
            0.0,
            0.0,
            0.0
          ]
        },
        {
          "t_sec": 0.208333,
          "v": [
            1.0,
            4.0,
            106.25,
            464.583333,
            0.0,
            0.0,
            0.0,
            0.0,
            177.083333,
            464.583333,
            0.0,
            0.0,
            0.0,
            0.0,
            177.083333,
            535.416667,
            0.0,
            0.0,
            0.0,
            0.0,
            106.25,
            535.416667,
            0.0,
            0.0,
            0.0,
            0.0
          ]
        },
        {
          "t_sec": 0.25,
          "v": [
            1.0,
            4.0,
            112.5,
            462.5,
            0.0,
            0.0,
            0.0,
            0.0,
            187.5,
            462.5,
            0.0,
            0.0,
            0.0,
            0.0,
            187.5,
            537.5,
            0.0,
            0.0,
            0.0,
            0.0,
            112.5,
            537.5,
            0.0,
            0.0,
            0.0,
            0.0
          ]
        },
        {
          "t_sec": 0.291667,
          "v": [
            1.0,
            4.0,
            118.75,
            460.416667,
            0.0,
            0.0,
            0.0,
            0.0,
            197.916667,
            460.416667,
            0.0,
            0.0,
            0.0,
            0.0,
            197.916667,
            539.583333,
            0.0,
            0.0,
            0.0,
            0.0,
            118.75,
            539.583333,
            0.0,
            0.0,
            0.0,
            0.0
          ]
        },
        {
          "t_sec": 0.333333,
          "v": [
            1.0,
            4.0,
            125.0,
            458.333333,
            0.0,
            0.0,
            0.0,
            0.0,
            208.333333,
            458.333333,
            0.0,
            0.0,
            0.0,
            0.0,
            208.333333,
            541.666667,
            0.0,
            0.0,
            0.0,
            0.0,
            125.0,
            541.666667,
            0.0,
            0.0,
            0.0,
            0.0
          ]
        },
        {
          "t_sec": 0.375,
          "v": [
            1.0,
            4.0,
            131.25,
            456.25,
            0.0,
            0.0,
            0.0,
            0.0,
            218.75,
            456.25,
            0.0,
            0.0,
            0.0,
            0.0,
            218.75,
            543.75,
            0.0,
            0.0,
            0.0,
            0.0,
            131.25,
            543.75,
            0.0,
            0.0,
            0.0,
            0.0
          ]
        },
        {
          "t_sec": 0.416667,
          "v": [
            1.0,
            4.0,
            137.5,
            454.166667,
            0.0,
            0.0,
            0.0,
            0.0,
            229.166667,
            454.166667,
            0.0,
            0.0,
            0.0,
            0.0,
            229.166667,
            545.833333,
            0.0,
            0.0,
            0.0,
            0.0,
            137.5,
            545.833333,
            0.0,
            0.0,
            0.0,
            0.0
          ]
        },
        {
          "t_sec": 0.458333,
          "v": [
            1.0,
            4.0,
            143.75,
            452.083333,
            0.0,
            0.0,
            0.0,
            0.0,
            239.583333,
            452.083333,
            0.0,
            0.0,
            0.0,
            0.0,
            239.583333,
            547.916667,
            0.0,
            0.0,
            0.0,
            0.0,
            143.75,
            547.916667,
            0.0,
            0.0,
            0.0,
            0.0
          ]
        },
        {
          "t_sec": 0.5,
          "v": [
            1.0,
            4.0,
            150.0,
            450.0,
            0.0,
            0.0,
            0.0,
            0.0,
            250.0,
            450.0,
            0.0,
            0.0,
            0.0,
            0.0,
            250.0,
            550.0,
            0.0,
            0.0,
            0.0,
            0.0,
            150.0,
            550.0,
            0.0,
            0.0,
            0.0,
            0.0
          ]
        },
        {
          "t_sec": 0.541667,