{
  "case_study": "CS2",
  "case_study_name": "variable_topology",
  "input_id": "L2_test_Path__20260514-191818",
  "tolerance": 1.0,
  "input": {
    "sample_count": 124,
    "vertex_count_per_frame": [
      52,
      52,
      52,
      52,
      52,
      52,
      52,
      52,
      52,
      52,
      52,
      52,
      52,
      52,
      52,
      52,
      52,
      52,
      52,
      52,
      52,
      52,
      52,
      52,
      52,
      52,
      52,
      40,
      36,
      31,
      29,
      29,
      29,
      29,
      31,
      34,
      38,
      52,
      52,
      52,
      52,
      52,
      52,
      52,
      52,
      52,
      52,
      52,
      52,
      52,
      52,
      52,
      52,
      52,
      52,
      52,
      52,
      52,
      52,
      52,
      52,
      52,
      52,
      52,
      52,
      52,
      52,
      52,
      52,
      52,
      52,
      52,
      52,
      52,
      52,
      52,
      52,
      52,
      52,
      52,
      52,
      52,
      52,
      52,
      52,
      52,
      52,
      52,
      52,
      52,
      52,
      52,
      52,
      52,
      52,
      52,
      52,
      52,
      52,
      52,
      52,
      52,
      52,
      52,
      52,
      52,
      52,
      52,
      52,
      52,
      52,
      52,
      52,
      52,
      52,
      52,
      52,
      52,
      52,
      52,
      52,
      52,
      52,
      52
    ],
    "data_floats": 37772,
    "topology_continuity": {
      "frame_to_frame_change_rate": 0.06504065040650407,
      "unique_counts": 7.0,
      "max_jump": 14.0,
      "n_change_points": 8.0
    },
    "ground_truth_change_points": [
      27,
      28,
      29,
      30,
      34,
      35,
      36,
      37
    ],
    "needed_padding": true
  },
  "bbsolver": {
    "status": "ok",
    "failure": null,
    "flags": [
      "--solve-mode full",
      "--decompose-paths",
      "--fit-canonical-paths",
      "--fit-replacement-paths",
      "--emit-landmark-subpaths"
    ],
    "wall_clock_ms": 2994.600583333522,
    "key_count": 44,
    "per_key_vertex_counts": [
      52,
      52,
      52,
      52,
      52,
      52,
      52,
      52,
      52,
      52,
      52,
      52,
      52,
      52,
      52,
      52,
      40,
      36,
      31,
      29,
      29,
      29,
      29,
      31,
      34,
      38,
      52,
      52,
      52,
      52,
      52,
      52,
      52,
      52,
      52,
      52,
      52,
      52,
      52,
      52,
      52,
      52,
      52,
      52
    ],
    "data_floats": 13816,
    "compression_ratio": 2.733931673422119,
    "extra_property_result_fields": [
      "max_err",
      "max_err_screen_px",
      "segments"
    ]
  },
  "diagnostic_per_frame_schneider": {
    "wall_clock_ms": 15.883542131632566,
    "vertex_count_per_frame": [
      35,
      35,
      35,
      35,
      35,
      35,
      35,
      35,
      35,
      35,
      35,
      35,
      35,
      35,
      35,
      35,
      35,
      35,
      35,
      35,
      35,
      35,
      37,
      37,
      38,
      38,
      38,
      27,
      23,
      20,
      19,
      20,
      25,
      26,
      21,
      22,
      25,
      34,
      34,
      34,
      33,
      33,
      32,
      33,
      33,
      34,
      36,
      36,
      37,
      37,
      38,
      38,
      38,
      38,
      38,
      38,
      38,
      38,
      38,
      38,
      38,
      37,
      37,
      37,
      36,
      36,
      36,
      36,
      36,
      36,
      36,
      36,
      36,
      36,
      36,
      35,
      35,
      35,
      35,
      35,
      35,
      35,
      35,
      35,
      35,
      35,
      35,
      35,
      35,
      35,
      35,
      35,
      35,
      35,
      35,
      35,
      35,
      35,
      35,
      35,
      35,
      35,
      35,
      35,
      35,
      35,
      35,
      35,
      35,
      35,
      35,
      35,
      35,
      35,
      35,
      35,
      35,
      35,
      35,
      35,
      35,
      35,
      35,
      35
    ],
    "topology_continuity": {
      "frame_to_frame_change_rate": 0.18699186991869918,
      "unique_counts": 15.0,
      "max_jump": 11.0,
      "n_change_points": 23.0
    },
    "n_change_points": 23
  },
  "diagnostic_per_frame_rdp": {
    "wall_clock_ms": 99.25533272325993,
    "vertex_count_per_frame": [
      52,
      52,
      52,
      52,
      52,
      52,
      52,
      52,
      52,
      52,
      52,
      52,
      52,
      52,
      52,
      52,
      52,
      52,
      52,
      52,
      52,
      52,
      52,
      52,
      52,
      52,
      52,
      39,
      35,
      30,
      23,
      24,
      27,
      27,
      20,
      22,
      26,
      33,
      36,
      39,
      39,
      39,
      48,
      45,
      43,
      39,
      41,
      45,
      47,
      47,
      47,
      48,
      48,
      48,
      48,
      48,
      46,
      46,
      46,
      46,
      46,
      46,
      45,
      45,
      45,
      45,
      45,
      45,
      43,
      46,
      44,
      48,
      48,
      48,
      48,
      48,
      48,
      48,
      49,
      49,
      49,
      49,
      49,
      49,
      50,
      50,
      50,
      50,
      50,
      50,
      51,
      51,
      51,
      51,
      51,
      52,
      52,
      52,
      52,
      52,
      52,
      52,
      52,
      52,
      52,
      52,
      52,
      52,
      52,
      52,
      52,
      52,
      52,
      52,
      52,
      52,
      52,
      52,
      52,
      52,
      52,
      52,
      52,
      52
    ],
    "topology_continuity": {
      "frame_to_frame_change_rate": 0.24390243902439024,
      "unique_counts": 22.0,
      "max_jump": 13.0,
      "n_change_points": 30.0
    },
    "n_change_points": 30
  }
}